{
    "parent": "minecraft:item/handheld_rod",
    "textures": {
      "layer0": "minecraft:item/carrot_on_a_stick"
    },
    "overrides": [
    {
        "predicate":{
            "custom_model_data":4
        },
        "model":"bedwars:mg_bow"
    },
    {
        "predicate":{
            "custom_model_data":7
        },
        "model":"bedwars:mg_regeneration"
    },
    {
        "predicate":{
            "custom_model_data":8
        },
        "model":"bedwars:mg_strength"
    }
    ]  
}