{
  "parent": "minecraft:item/generated",
  "textures": {
    "layer0": "minecraft:item/ender_eye"
  },
  "overrides":[
      {
          "predicate":{
              "custom_model_data":1
          },
          "model":"bedwars:fireball"
      },
      {
          "predicate":{
              "custom_model_data":2
          },
          "model":"bedwars:sugarkens"
      },
      {
          "predicate":{
              "custom_model_data":3
          },
          "model":"bedwars:ice_bridge"
      },
      {
          "predicate":{
              "custom_model_data":4
          },
          "model":"bedwars:throwable_tnt"
      },
      {
          "predicate":{
              "custom_model_data":5
          },
          "model":"bedwars:block_zapper"
      }
  ]
}