{
    "sources": [
        {
            "type": "single",
            "resource": "bedwars:fireball"
        },
        {
            "type": "single",
            "resource": "bedwars:milk"
        },
        {
            "type":"single",
            "resource":"bedwars:cancel"
        },
        {
            "type":"single",
            "resource":"bedwars:reset"
        },
        {
            "type":"single",
            "resource":"bedwars:last"
        },
        {
            "type":"single",
            "resource":"bedwars:sugarkens"
        },
        {
            "type":"single",
            "resource":"bedwars:sugar_cookie"
        },
        {
            "type":"single",
            "resource":"bedwars:ice_bridge"
        },
        {
            "type":"single",
            "resource":"bedwars:tt_side"
        },
        {
            "type":"single",
            "resource":"bedwars:tt_top"
        },
        {
            "type":"single",
            "resource":"bedwars:tt_bottom"
        },
        {
            "type":"single",
            "resource":"bedwars:block_zapper"
        },
        {
            "type":"single",
            "resource":"bedwars:mg_bow"
        },
        {
            "type":"single",
            "resource":"bedwars:katana"
        },
        {
            "type":"single",
            "resource":"bedwars:fm_so"
        }
    ]
}